Latitude,Longitude,City,Country
35.6828387,139.7594549,Tokyo,Japan
28.6517178,77.2219388,Delhi,India
31.2322758,121.4692071,Shanghai,China
-23.5506507,-46.6333824,Sao Paulo,Brazil
19.4326296,-99.1331785,Mexico City,Mexico
23.7861979,90.4026151,Dhaka,Bangladesh
30.0443879,31.2357257,Cairo,Egypt
39.906217,116.3912757,Beijing,China
19.0759899,72.8773928,Mumbai,India
34.6198813,135.490357,Osaka,Japan
24.8546842,67.0207055,Karachi,Pakistan
29.5647398,106.5478767,Chongqing,China
41.0096334,28.9651646,Istanbul,Turkey
-34.6075682,-58.4370894,Buenos Aires,Argentina
22.5414185,88.3576912,Kolkata,India
-4.3217055,15.3125974,Kinshasa,DR Congo
6.4550575,3.3941795,Lagos,Nigeria
14.5907332,120.9809674,Manila,Philippines
39.0856735,117.1951073,Tianjin,China
23.1301964,113.2592945,Guangzhou,China
-22.9110137,-43.2093727,Rio de Janeiro,Brazil
31.5656822,74.3141829,Lahore,Pakistan
12.9767936,77.590082,Bangalore,India
55.7504461,37.6174943,Moscow,Russia
22.555454,114.0543297,Shenzhen,China
13.0836939,80.270186,Chennai,India
4.6533326,-74.083652,Bogota,Colombia
48.8588897,2.320041,Paris,France
-6.1753942,106.827183,Jakarta,Indonesia
-12.0621065,-77.0365256,Lima,Peru
13.7525438,100.4934734,Bangkok,Thailand
17.360589,78.4740613,Hyderabad,India
37.5666791,126.9782914,Seoul,South Korea
35.1851045,136.8998438,Nagoya,Japan
51.5073219,-0.1276474,London,United Kingdom
30.6598628,104.0633717,Chengdu,China
35.6892523,51.3896004,Tehran,Iran
32.0437711,118.7788734,Nanjing,China
10.7715512,106.6983801,Ho Chi Minh City,Vietnam
-8.8272699,13.2439512,Luanda,Angola
30.5951051,114.2999353,Wuhan,China
34.3430507,108.9350839,Xi-an Shaanxi,China
23.0216238,72.5797068,Ahmedabad,India
40.7127281,-74.0060152,New York City,United States
3.1516964,101.6942371,Kuala Lumpur,Malaysia
30.2489634,120.2052342,Hangzhou,China
22.2793278,114.1628131,Hong Kong,Hong Kong
45.9383,3.2553,Surat,India
23.0205969,113.7457788,Dongguan,China
31.3016935,120.5810725,Suzhou,China
23.0247687,113.1146335,Foshan,China
24.638916,46.7160104,Riyadh,Saudi Arabia
41.6749893,123.458674,Shenyang,China
33.3024309,44.3787992,Baghdad,Iraq
-6.8160837,39.2803583,Dar es Salaam,Tanzania
9.8694792,-83.7980749,Santiago,Chile
18.521428,73.8544541,Pune,India
40.4167047,-3.7035825,Madrid,Spain
45.7988273,126.5303997,Haerbin,China
43.6534817,-79.3839347,Toronto,Canada
-19.9227318,-43.9450948,Belo Horizonte,Brazil
1.357107,103.8194992,Singapore,Singapore
15.5635972,32.5349123,Khartoum,Sudan
-26.205,28.049722,Johannesburg,South Africa
38.9181714,121.6282945,Dalian,China
36.0638034,120.3781372,Qingdao,China
41.3828939,2.1774322,Barcelona,Spain
33.6251241,130.6180016,Fukuoka,Japan
36.6507007,117.1140042,Ji-nan Shandong,China
34.7487244,113.6191483,Zhengzhou,China
59.938732,30.316229,Saint Petersburg,Russia
16.7967129,96.1609916,Yangon,Myanmar
31.199004,29.894378,Alexandria,Egypt
5.320357,-4.016107,Abidjan,Ivory Coast
20.6720375,-103.338396,Guadalajara,Mexico
39.9207886,32.8540482,Ankara,Turkey
22.3364709,91.8260479,Chittagong,Bangladesh
-37.8142176,144.9631608,Melbourne,Australia
9.0107934,38.7612525,Addis Ababa,Ethiopia
-33.768528,150.956856,Sydney,Australia
25.6802019,-100.315258,Monterrey,Mexico
-1.2832533,36.8172449,Nairobi,Kenya
21.0294498,105.8544441,Hanoi,Vietnam
-10.3333333,-53.2,Brasilia,Brazil
-33.928992,18.417396,Cape Town,South Africa
21.5810088,39.1653612,Jiddah,Saudi Arabia
28.2302056,112.9335861,Changsha,China
24.8843019,102.8324209,Kunming,China
43.419754,87.319461,Urumqi,China
43.8130735,125.3171216,Changchun,China
31.8644668,119.9562502,Xinbei,Taiwan
23.356377,116.6775918,Shantou,China
31.8228094,117.2218033,Hefei,China
34.5260109,69.1776838,Kabul,Afghanistan
41.8933203,12.4829321,Rome,Italy
29.8622194,121.6203873,Ningbo,China
32.0852997,34.7818064,Tel Aviv,Israel
45.5031824,-73.5698065,Montreal,Canada
38.0429742,114.5088385,Shijiazhuang,China
-8.0584933,-34.8848193,Recife,Brazil
3.8689867,11.5213344,Yaounde,Cameroon
-30.0324999,-51.2303767,Porto Alegre,Brazil
-3.7304512,-38.5217989,Fortaleza,Brazil
49.1813403,-0.3635615,Kano,Nigeria
6.2443382,-75.573553,Medellin,Colombia
26.9154576,75.8189817,Jaipur,India
34.0536909,-118.242766,Los Angeles,United States
37.870009,112.5452739,Taiyuan Shanxi,China
22.8193063,108.3627211,Nanning,China
-26.184765,28.3210725,Ekurhuleni,South Africa
13.8000382,-88.9140683,Salvador,Brazil
33.5950627,-7.6187768,Casablanca,Morocco
4.0429408,9.706203,Douala,Cameroon
24.4801069,118.0853479,Xiamen,China
26.8381,80.9346001,Lucknow,India
26.0774954,119.2918215,Fuzhou Fujian,China
31.8122623,119.9691539,Changzhou,China
11.2450558,75.7754716,Kozhikode,India
-25.4295963,-49.2712724,Curitiba,Brazil
27.9963899,120.695345,Wenzhou,China
28.687547,115.8540042,Nanchang,China
7.3777462,3.8972497,Ibadan,Nigeria
11.1068448,76.1099551,Malappuram,India
52.5170365,13.3888599,Berlin,Germany
39.6295591,118.1738665,Tangshan Hebei,China
31.4220558,73.0923253,Faisalabad,Pakistan
-18.9100122,47.5255809,Antananarivo,Madagascar
-6.2349858,106.9945444,Bekasi,Indonesia
6.698081,-1.6230404,Kumasi,Ghana
0.3177137,32.5813539,Kampala,Uganda
35.1799528,129.0752365,Busan,South Korea
9.0643305,7.4892974,Abuja,Nigeria
25.7561647,112.72964,Guiyang,China
-25.2800459,-57.6343814,Asuncion,Paraguay
18.4801972,-69.942111,Santo Domingo,Dominican Republic
-22.90556,-47.06083,Campinas,Brazil
31.4933074,120.3074357,Wuxi,China
36.2974945,59.6059232,Mashhad,Iran
18.833333,-98,Puebla,Mexico
14.693425,-17.447938,Dakar,Senegal
10.5256264,76.2132542,Thrissur,India
9.931308,76.2674136,Kochi,India
29.3797091,47.9735629,Kuwait City,Kuwait
-29.861825,31.009909,Durban,South Africa
4.7676576,7.0188527,Port Harcourt,Nigeria
36.0620781,103.8318566,Lanzhou,China
26.4609135,80.3217588,Kanpur,India
37.9839412,23.7283052,Athens,Greece
45.4641943,9.1896346,Milan,Italy
22.7203616,75.8681996,Indore,India
39.0167979,125.7473609,Pyongyang,North Korea
15.260691,44.424895,Sanaa,Yemen
-2.2895167,-80.0983887,Guayaquil,Ecuador
38.4147331,27.1434119,Izmir,Turkey
50.4500336,30.5241361,Kiev,Ukraine
14.6222328,-90.5185188,Guatemala City,Guatemala
-7.2459717,112.7378266,Surabaya,Indonesia
38.7077507,-9.1365919,Lisbon,Portugal
10.506098,-66.9146017,Caracas,Venezuela
22.5213807,113.3656141,Zhongshan,China
21.1498134,79.0820556,Nagpur,India
34.979149,138.38299,Shizuoka,Japan
25.2653471,55.2924914,Dubai,United Arab Emirates
12.3681873,-1.5270944,Ouagadougou,Burkina Faso
-15.4164488,28.2821535,Lusaka,Zambia
11.0018115,76.9628425,Coimbatore,India
18.547327,-72.3395928,Port-au-Prince,Haiti
-6.4071903,106.8158348,Depok,Indonesia
36.583333,114.483333,Handan,China
37.456,126.7052,Incheon,South Korea
3.4517923,-76.5324943,Cali,Colombia
36.7753606,3.0601882,Algiers,Algeria
33.5524785,119.1075773,Huaian,China
53.4794892,-2.2451148,Manchester,United Kingdom
-16.680882,-49.2532691,Goiania,Brazil
36.7071591,119.1557441,Weifang,China
25.0375198,121.5636796,Taibei,Taiwan
12.6132655,-7.9847391,Bamako,Mali
8.5241122,76.9360573,Thiruvananthapuram,India
36.819626,117.980675,Zibo,China
41.8755616,-87.6244212,Chicago,United States
43.061936,141.3542924,Sapporo,Japan
-25.7459374,28.1879444,Pretoria,South Africa
-6.1258942,23.5998111,Mbuji-Mayi,DR Congo
29.9992425,120.576854,Shaoxing,China
52.4796992,-1.9026911,Birmingham,United Kingdom
37.461928,121.4425255,Yantai,China
-6.9344694,107.6049539,Bandung,Indonesia
49.2608724,-123.113952,Vancouver,Canada
23.1146515,114.4107202,Huizhou,China
-11.6642316,27.4826264,Lubumbashi,DR Congo
5.5571096,-0.2012376,Accra,Ghana
41.3123363,69.2787079,Tashkent,Uzbekistan
19.292545,-99.6569007,Toluca de Lerdo,Mexico
25.6093239,85.1235252,Patna,India
-0.7264327,15.6419155,Brazzaville,Republic of the Congo
34.6556873,112.4209629,Luoyang,China
23.2584857,77.401989,Bhopal,India
18.465299,-66.116666,San Juan,Puerto Rico
33.5130695,36.3095814,Damascus,Syria
-27.4689682,153.0234991,Brisbane,Australia
33.8959203,35.47843,Beirut,Lebanon
33.8439408,9.400138,Tunis,Tunisia
-6.1760311,106.6384468,Tangerang,Indonesia
2.0349312,45.3419183,Mogadishu,Somalia
40.1639991,50.2777093,Baku,Azerbaijan
3.5896654,98.6738261,Medan,Indonesia
31.7043556,35.2061876,Belem,Brazil
31.9827896,120.8904588,Nantong,China
38.2677554,140.8691498,Sendai,Japan
29.7589382,-95.3676974,Houston,United States
-3.1316333,-59.9825041,Manaus,Brazil
10.9799669,-74.8013085,Barranquilla,Colombia
10.6498095,-71.6443596,Maracaibo,Venezuela
32.1525312,74.1933745,Gujranwala,Pakistan
33.5914237,73.0535122,Rawalpindi,Pakistan
34.0123846,71.5787458,Peshawar,Pakistan
24.9929995,121.3010003,Taoyuan,Taiwan
27.1752554,78.0098161,Agra,India
40.8337963,111.6730788,Hohhot,China
40.6549157,109.8344586,Baotou,China
22.2973142,73.1942567,Vadodara,India
11.8762254,75.3738043,Kannur,India
24.3284746,109.4239676,Liuzhou,China
17.7231276,83.3012842,Visakhapatnam,India
34.2066591,117.278286,Xuzhou,China
35.8713,128.6018,Daegu,South Korea
40.8359336,14.2487826,Naples,Italy
31.9515694,35.9239625,Amman,Jordan
32.5010188,-116.964662,Tijuana,Mexico
32.6707877,51.6650002,Esfahan,Iran
11.568271,104.9224426,Phnom Penh,Cambodia
23.135305,-82.3589631,Havana,Cuba
20.0112475,73.7902364,Nashik,India
-3.1559361,-59.2794889,Grande Vitoria,Brazil
16.5087586,80.6185102,Vijayawada,India
50.8465573,4.351697,Brussels,Belgium
21.420847,39.826869,Mecca,Saudi Arabia
34.3916058,132.4518156,Hiroshima,Japan
-31.9527121,115.8604796,Perth,Australia
30.1979793,71.4724978,Multan,Pakistan
32.3969935,119.4077008,Yangzhou,China
53.9024716,27.5618225,Minsk,Belarus
40.1827657,29.0677305,Bursa,Turkey
38.8579735,115.490696,Baoding,China
36.19924,37.1637253,Aleppo,Syria
25.4557366,119.0029034,Putian,China
28.6581723,121.4163876,Taizhou Zhejiang,China
9.5170602,-13.6998434,Conakry,Guinea
37.1767104,116.8507744,Linyi Shandong,China
31.3536127,118.4277477,Wuhu Anhui,China
48.2083537,16.3725042,Vienna,Austria
8.8879509,76.5955013,Kollam,India
39.4697065,-0.3763353,Valencia,Venezuela
22.3053263,70.8028377,Rajkot,India
20.0462328,110.1956502,Haikou,China
43.2363924,76.9457275,Almaty,Kazakhstan
-24.0443878,-46.7040929,Baixada Santista,Brazil
33.3495657,120.1576778,Yancheng Jiangsu,China
46.5969028,125.1014811,Daqing,China
34.022405,-6.834543,Rabat,Morocco
53.7414271,-1.7202004,West Yorkshire,United Kingdom
-6.9903988,110.4229104,Semarang,Indonesia
-0.2201641,-78.5123274,Quito,Ecuador
8.9714493,-79.5341802,Panama City,Panama
17.360589,78.4740613,Hyderabad,Pakistan
30.9090157,75.851601,Ludhiana,India
-16.4955455,-68.1336229,La Paz,Bolivia
34.5978596,119.215813,Lianyungang,China
6.130419,1.215829,Lome,Togo
7.0645451,125.6084371,Davao City,Philippines
26.0962497,-99.2763436,Leon de los Aldamas,Mexico
22.273734,113.5721327,Zhuhai,China
45.0677551,7.6824892,Turin,Italy
44.4361414,26.1027202,Bucharest,Romania
36.9863599,35.3252861,Adana,Turkey
52.2319581,21.0067249,Warsaw,Poland
53.550341,10.000654,Hamburg,Germany
40.0919817,113.2951122,Datong,China
6.3330586,5.6221058,Benin City,Nigeria
47.4979937,19.0403594,Budapest,Hungary
9.9261153,78.1140983,Madurai,India
-34.9058916,-56.1913095,Montevideo,Uruguay
24.8755492,118.6723605,Quanzhou,China
-2.9888297,104.756857,Palembang,Indonesia
-17.78629,-63.18117,Santa Cruz,Bolivia
-25.966917,32.466956,Matola,Mozambique
37.0628317,37.3792617,Gaziantep,Turkey
25.3461498,55.4210633,Sharjah,United Arab Emirates
33.4484367,-112.0741417,Phoenix,United States
45.7578137,4.8320114,Lyon,France
29.0006525,77.7682288,Meerut,India
22.5816619,113.0761073,Jiangmen,China
10.0451859,105.7448944,Can Tho,Vietnam
21.2379469,81.6336833,Raipur,India
25.3356491,83.0076292,Varanasi,India
32.010998,112.1163785,Xiangyang,China
36.343694,43.0997156,Mosul,Iraq
55.8609825,-4.2488787,Glasgow,United Kingdom
55.0282171,82.9234509,Novosibirsk,Russia
29.6060218,52.5378041,Shiraz,Iran
25.54275967,-103.4068701,La Laguna,Mexico
30.1708675,121.261786,Cixi,China
59.3251172,18.0710935,Stockholm,Sweden
41.1075276,122.9902689,Anshan,China
-36.852095,174.7631803,Auckland,New Zealand
22.8015194,86.2029579,Jamshedpur,India
38.0739964,46.2961952,Tabriz,Iran
38.4852037,106.2261926,Yinchuan,China
42.9995032,125.9816054,Jilin,China
34.0747444,74.8204443,Srinagar,India
1.1061034,104.0378246,Batam,Indonesia
47.9490993,107.0222591,Ulaanbaatar,Mongolia
43.2961743,5.3699525,Marseille,France
-5.1342962,119.4124282,Makassar,Indonesia
30.694088,111.2803074,Yichang,China
19.877263,75.3390241,Aurangabad,India
23.5882019,58.3829448,Muscat,Oman
39.9395724,119.5894129,Qinhuangdao,China
39.9527237,-75.1635262,Philadelphia,United States
-31.4173391,-64.183319,Cordoba,Argentina
47.3523672,123.9164653,Qiqihaer,China
36.617331,101.7761976,Xining,China
35.8224892,50.9904681,Karaj,Iran
29.4246002,-98.4951405,San Antonio,United States
51.0460954,-114.065465,Calgary,Canada
27.0782342,112.3356329,Hengyang,China
36.3496,127.3848,Daejon,South Korea
6.328034,-10.797788,Monrovia,Liberia
11.1017815,77.345192,Tiruppur,India
-32.9595004,-60.6615415,Rosario,Argentina
48.1371079,11.5753822,Munich,Germany
22.6203348,120.3120375,Gaoxiong,Taiwan
-17.831773,31.045686,Harare,Zimbabwe
31.7097961,-106.455581,Ciudad Juarez,Mexico
36.1023552,114.33633,Anyang,China
-5.8951725,22.408589,Kananga,DR Congo
35.1595775,126.8515089,Gwangju,South Korea
33.9646533,118.2697192,Suqian,China
35.4125047,116.5849266,Jining Shandong,China
24.471153,39.6111216,Medina,Saudi Arabia
56.839104,60.60825,Yekaterinburg,Russia
24.4538352,54.3774014,Abu Dhabi,United Arab Emirates
26.2967719,73.0351433,Jodhpur,India
-28.500238,-53.586696,Grande Sao Luis,Brazil
53.535411,-113.507996,Edmonton,Canada
-5.805398,-35.2080905,Natal,Brazil
14.1056861,-87.204676,Tegucigalpa,Honduras
6.1461619,6.8019088,Onitsha,Nigeria
11.72559,15.24422,N-Djamena,Chad
23.3700354,85.3250132,Ranchi,India
27.708317,85.3205817,Kathmandu,Nepal
23.1608938,79.9497702,Jabalpur,India
21.9812746,96.082375,Mandalay,Myanmar
40.8228016,114.880567,Zhangjiakou,China
32.5866826,117.0130019,Huainan,China
23.6871297,86.9746587,Asansol,India
23.6566146,116.6205482,Chaozhou,China
25.1968256,76.0008933,Kota,India
32.7174202,-117.1627728,San Diego,United States
49.9923181,36.2310146,Kharkiv,Ukraine
37.3361905,-121.890583,San Jose,Costa Rica
12.9546871,100.7746521,Chon Buri,Thailand
25.4381302,81.8338005,Allahabad,India
26.2037247,78.1573628,Gwalior,India
45.4211435,-75.6900574,Ottawa,Canada
47.3744489,8.5410422,Zurich,Switzerland
44.8178131,20.4568974,Belgrade,Serbia
31.6343083,74.8736788,Amritsar,India
-7.1215981,-34.882028,Joao Pessoa,Brazil
29.3063535,120.0702682,Yiwu,China
30.4952371,47.8090981,Basra,Iraq
32.4585613,119.9181228,Taizhou Jiangsu,China
18.0629628,-15.9629106,Nouakchott,Mauritania
20.5927744,-100.3902245,Queretaro,Mexico
36.2002968,117.0809316,Taian Shandong,China
34.7333334,36.7166667,Homs,Syria
55.6867243,12.5700724,Copenhagen,Denmark
37.8768277,32.4874202,Konya,Turkey
7.1114611,-73.1172869,Bucaramanga,Colombia
23.7952809,86.4309638,Dhanbad,India
37.5120997,122.1152599,Weihai,China
32.7762719,-96.7968559,Dallas,United States
25.8332103,114.9287362,Ganzhou,China
-34.9281805,138.5999312,Adelaide,Australia
20.858864,106.6749591,Hai Phong,Vietnam
-4.05052,39.667169,Mombasa,Kenya
24.163162,120.6478282,Taizhong,Taiwan
-9.6476843,-35.7339264,Maceio,Brazil
-17.4012458,-66.1675737,Cochabamba,Bolivia
13.524834,2.109823,Niamey,Niger
37.266667,127.016667,Suwon,South Korea
13.6531651,100.8182578,Samut Prakan,Thailand
48.4433253,5.1377537,Joinville,Brazil
30.7474425,120.7510971,Jiaxing,China
34.7961106,114.3472038,Kaifeng,China
60.1674881,24.9427473,Helsinki,Finland
41.1494512,-8.6107884,Porto,Portugal
21.2737079,110.3548318,Zhanjiang,China
27.7237996,106.9191408,Zunyi,China
35.4150703,119.5214512,Rizhao,China
0.5184021,25.2057292,Kisangani,DR Congo
50.0874654,14.4212535,Prague,Czech Republic
37.4334738,118.6689349,Dongying,China
34.6423117,50.8800969,Qom,Iran
31.4627341,104.7463432,Mianyang Sichuan,China
30.792362,106.0826662,Nanchong,China
41.8692972,123.924157,Fushun Liaoning,China
36.9009641,30.6954846,Antalya,Turkey
28.457876,79.4055709,Bareilly,India
42.6978634,23.3221789,Sofia,Bulgaria
32.6314877,110.792752,Shiyan,China
55.7823547,49.1242266,Kazan,Russia
26.4367824,50.1039991,Ad-Dammam,Saudi Arabia
-33.9617051,25.6207519,Port Elizabeth,South Africa
31.3229936,48.6793316,Ahvaz,Iran
33.3705714,113.2720234,Liuan,China
-27.5973002,-48.5496098,Florianopolis,Brazil
56.3264816,44.0051395,Nizhniy Novgorod,Russia
-4.7975373,11.8503297,Pointe-Noire,Republic of the Congo
40.6747155,122.2357736,Yingkou,China
34.0346534,-5.0161926,Fes,Morocco
27.8769897,78.1372903,Aligarh,India
28.166416,113.6375778,Liuyang,China
53.3497645,-6.2602732,Dublin,Ireland
21.6656961,110.9209511,Maoming,China
35.777103,-5.803792,Tanger,Morocco
5.6394753,100.4815031,Pekan Baru,Indonesia
35.113997,117.1599113,Tengzhou,China
8.479004,-13.26795,Freetown,Sierra Leone
22.5000001,-100.4949145,San Luis Potosi,Mexico
12.3051828,76.6553609,Mysore,India
55.1598408,61.4025547,Chelyabinsk,Russia
28.8638424,78.8057783,Moradabad,India
10.0740372,-69.3215667,Barquisimeto,Venezuela
21.19,81.28,Durg-Bhilai,India
31.3016935,120.5810725,Suzhou,China
10.2375144,-67.5890216,Maracay,Venezuela
51.1282205,71.4306682,Astana,Kazakhstan
27.4989086,113.1529127,Zhuzhou,China
27.7809047,120.6512652,Ruian,China
5.0322447,7.924791,Uyo,Nigeria
32.1901111,119.4200584,Zhenjiang Jiangsu,China
34.3645811,107.2332184,Baoji,China
23.5528679,116.3680847,Jieyang,China
42.2799929,118.9426131,Chifeng,China
20.2667774,85.8435592,Bhubaneswar,India
33.7374744,113.2981436,Pingdingshan Henan,China
23.3000046,116.1611114,Puning,China
-34.787093,-68.4381868,Mendoza,Argentina
-6.5962986,106.7972421,Bogor,Indonesia
18.7882778,98.9858802,Chiang Mai,Thailand
-2.5196915,32.9014417,Mwanza,Tanzania
10.804973,78.6870296,Tiruchirappalli,India
54.991375,73.371529,Omsk,Russia
38.9174665,-6.3443977,Merida,Mexico
41.297577,123.7646562,Benxi,China
33.9566098,116.7928916,Huaibei,China
-13.9875107,33.768144,Lilongwe,Malawi
33.0010496,112.5292693,Nanyang Henan,China
29.1080344,119.6486487,Jinhua,China
27.8328352,112.9388078,Xiangtan Hunan,China
-1.950851,30.061507,Kigali,Rwanda
32.896672,13.1777923,Tripoli,Libya
30.7334421,76.7797143,Chandigarh,India
41.108528,121.1194219,Jinzhou,China
33.6938118,73.0651511,Islamabad,Pakistan
53.198627,50.113987,Samara,Russia
52.3727598,4.8936041,Amsterdam,Netherlands
16.068,108.212,Da Nang,Vietnam
32.8191218,34.9983856,Haifa,Israel
25.2383172,110.1752245,Guilin,China
63.3233807,97.0979974,Krasnoyarsk,Russia
32.6248622,-115.448325,Mexicali,Mexico
54.7261409,55.947499,Ufa,Russia
47.2213858,39.7114196,Rostov-on-Don,Russia
15.3518378,75.1379848,Hubli-Dharwad,India
26.1805978,91.753943,Guwahati,India
10.3825318,7.8533226,Kaduna,Nigeria
-2.5103908,28.8336436,Bukavu,DR Congo
26.5963778,104.8279652,Liupanshui,China
30.1957677,67.0172447,Quetta,Pakistan
50.938361,6.959974,Cologne,Germany
22.0000001,-102.5000001,Aguascalientes,Mexico
37.3821206,117.9647262,Binzhou,China
44.9391565,-123.033121,Salem,India
6.4153695,2.3062284,Abomey-Calavi,Benin
-25.966213,32.56745,Maputo,Mozambique
-5.4460713,105.2643742,Bandar Lampung,Indonesia
5.112735,7.364349,Aba,Nigeria
34.3402702,118.0068173,Pizhou,China
6.019531,6.917181,Nnewi,Nigeria
-7.3262484,108.2201154,Tasikmalaya,Indonesia
13.6989939,-89.1914249,San Salvador,El Salvador
37.2405741,127.1785572,Yongin,South Korea
34.8113006,117.3178278,Zaozhuang,China
35.3021133,113.9202062,Xinxiang,China
28.1154378,120.9833927,Yueqing,China
33.5720554,114.0285163,Luohe,China
29.9880774,77.5081299,Saharanpur,India
42.3337389,69.5169406,Shimkent,Kazakhstan
18.9218274,-99.2342282,Cuernavaca,Mexico
40.1776245,44.5126174,Yerevan,Armenia
37.6581862,126.8319452,Goyang,South Korea
41.6934591,44.8014495,Tbilisi,Georgia
28.5000001,-106.0000001,Chihuahua,Mexico
41.1169056,122.0655098,Panjin,China
58.5951603,56.3159546,Perm,Russia
-3.3638125,29.3675028,Bujumbura,Burundi
31.2920107,75.5680577,Jalandhar,India
12.1459907,-86.2746665,Managua,Nicaragua
51.6605982,39.2005858,Voronezh,Russia
10.4195841,-75.5271224,Cartagena,Colombia
28.3754144,121.3812013,Wenling,China
50.6365654,3.0635282,Lille,France
32.8926763,115.8090001,Fuyang,China
42.8765615,74.6070079,Bishkek,Kyrgyzstan
37.9162222,40.2363542,Diyarbakir,Turkey
31.8689322,106.7416618,Bazhong,China
26.7164127,88.4309916,Siliguri,India
59.9133301,10.7389701,Oslo,Norway
28.4582821,117.9381305,Shangrao,China
35.227956,128.6818586,Changwon,South Korea
30.3375134,112.2337792,Jingzhou Hubei,China
31.6866105,118.5048377,Ma'anshan,China
23.0496201,112.4593053,Zhaoqing,China
51.2211097,4.3997081,Antwerp,Belgium
34.3789744,46.7010122,Kermanshah,Iran
39.0480479,115.9075331,Xiongan,China
10.9560264,106.8529805,Bien Hoa,Vietnam
1.4728119,103.7642651,Johor Bahru,Malaysia
17.8499067,75.2763203,Solapur,India
-0.5017804,117.1393089,Samarinda,Indonesia
43.6044622,1.4442469,Toulouse,France
36.8117583,34.6292679,Mersin,Turkey
9.561733,44.061803,Hargeysa,Somalia
-5.0896403,-42.809588,Teresina,Brazil
35.4703415,44.395723,Kirkuk,Iraq
27.9511188,116.3530413,Fuzhou Jiangxi,China
-10.9162061,-37.0774655,Aracaju,Brazil
11.1757783,-4.2957591,Bobo-Dioulasso,Burkina Faso
29.5851296,103.747791,Leshan,China
29.3594838,113.1229551,Yueyang,China
37.4486676,116.305416,Dezhou,China
31.6267948,-8.0030243,Marrakech,Morocco
22.2329889,-97.8614802,Tampico,Mexico
30.8942995,120.0851114,Huzhou,China
51.9244424,4.47775,Rotterdam,Netherlands
12.789585,45.028504,Aden,Yemen
30.2711286,-97.7436995,Austin,United States
37.3361905,-121.890583,San Jose,United States
-8.6524973,115.2191175,Denpasar,Indonesia
46.4873195,30.7392776,Odesa,Ukraine
25.7733598,113.0094337,Chenzhou,China
34.0457133,113.8225908,Xuchang,China
48.7081906,44.5153353,Volgograd,Russia
25.4230425,-100.9927509,Saltillo,Mexico
-26.8303703,-65.2038133,San Miguel de Tucuman,Argentina
15.3389667,38.9326763,Asmara,Eritrea
-0.9247587,100.3632561,Padang,Indonesia
10.2931062,123.9020773,Cebu City,Philippines
16.8680495,-99.8940182,Acapulco de Juarez,Mexico
-33.0458456,-71.6196749,Valparaiso,Chile
4.927456,-1.7490216,Sekondi Takoradi,Ghana
6.6191233,3.5041271,Ikorodu,Nigeria
38.6582232,35.5546374,Kayseri,Turkey
17.9819448,79.5969982,Warangal,India
31.6572954,120.7480757,Changshu,China
44.841225,-0.5800364,Bordeaux,France
6.8790221,100.5498542,Songkhla,Thailand
25.4936418,103.7943084,Qujing,China
13.8610918,100.3456772,Nonthaburi,Thailand
27.81697,114.4112498,Yichun Jiangxi,China
45.0352566,38.9764814,Krasnodar,Russia
8.4963657,4.5480484,Ilorin,Nigeria
21.1617854,-86.8510468,Cancun,Mexico
-6.4230495,20.7887691,Tshikapa,DR Congo
12.0505098,24.8795115,Nyala,Sudan
35.9068588,117.76243,Xintai,China
45.2928513,130.9619259,Jixi Heilongjiang,China
-15.8241847,35.053104,Blantyre-Limbe,Malawi
19.7027116,-101.1923818,Morelia,Mexico
27.6603206,113.8830806,Pingxiang Jiangxi,China
48.4680221,35.0417711,Dnipro,Ukraine
22.9372087,89.2852741,Khulna,Bangladesh
31.7788242,35.2257626,Jerusalem,Israel
45.9893785,23.2575051,Cucuta,Colombia
43.7009358,7.2683912,Nice,France
30.3255646,78.0436813,Dehradun,India
37.4201556,127.1262092,Seongnam,South Korea
32.753177,-97.3327459,Fort Worth,United States
30.4211144,-9.5830626,Agadir,Morocco
44.5498406,129.6259558,Mudanjiang,China
23.3515642,58.7213422,Hamah,Syria
38.5762709,68.7863573,Dushanbe,Tajikistan
23.3916357,110.074064,Guiping,China
29.6653828,115.9474861,Jiujiang,China
50.9025349,-1.404189,Southampton,United Kingdom
36.2030789,117.654083,Laiwu,China
-16.3988667,-71.5369607,Arequipa,Peru
8.3223763,-62.6896622,Ciudad Guayana,Venezuela
6.9046909,122.076462,Zamboanga City,Philippines
19.333333,-96.666667,Veracruz,Mexico
30.3321838,-81.655651,Jacksonville,United States
15.5062156,-88.0248937,San Pedro Sula,Honduras
27.702973,115.49664,Zhucheng,China
14.048667,100.5640405,Pathum Thani,Thailand
24.4611511,88.6888703,Rajshahi,Bangladesh
40.957718,117.9543248,Chengde,China
32.3745318,15.0904886,Misratah,Libya
23.1144539,109.5946193,Guigang,China
9.9175125,8.8979401,Jos,Nigeria
26.0704018,-98.2963932,Reynosa,Mexico
32.9176422,117.3825673,Bengbu,China
39.9622601,-83.0007065,Columbus,United States
18.0018152,-92.9330401,Villahermosa,Mexico
21.8603337,111.9776773,Yangjiang,China
35.2272086,-80.8430827,Charlotte,United States
35.5391697,129.3119136,Ulsan,South Korea
4.3907153,18.5509126,Bangui,Central African Republic
35.7032751,-0.6492976,Oran,Algeria
43.3545179,42.4311796,West Rand,South Africa
5.489736,7.0341973,Owerri,Nigeria
-20.4640173,-54.6162947,Campo Grande,Brazil
53.4071991,-2.99168,Liverpool,United Kingdom
14.5870262,121.1758611,Antipolo,Philippines
32.0010227,44.3299926,Najaf,Iraq
24.5164639,117.6424895,Zhangzhou,China
45.7566557,9.7542192,Bergamo,Italy
48.0158753,37.8013407,Donetsk,Ukraine
30.6635516,113.1616191,Tianmen,China
5.517,5.75,Warri,Nigeria
-23.3112878,-51.1595023,Londrina,Brazil
26.40396,112.934066,Leiyang,China
-7.9771206,112.6340291,Malang,Indonesia
-34.9206797,-57.9537638,La Plata,Argentina
-36.8270795,-73.0502399,Concepcion,Chile
37.7364305,115.6677229,Hengshui,China
36.0885338,111.512998,Linfen,China
27.853572,114.8867147,Xinyu,China
24.5910781,91.7177362,Sylhet,Bangladesh
40.128668,124.3863404,Dandong,China
39.7683331,-86.1583502,Indianapolis,United States
-14.966969,39.2707752,Nampula,Mozambique
31.1244028,104.39013,Deyang,China
29.0948207,-110.9692202,Hermosillo,Mexico
37.7790262,-122.419906,San Francisco,United States
39.4605657,-5.8816626,Trujillo,Peru
13.4115414,43.5570871,Taiz,Yemen
16.2915189,80.4541588,Guntur,India
31.9092756,120.2630426,Jiangyin,China
19.3625308,73.0784747,Bhiwandi,India
-14.9191779,13.4896316,Lubango,Angola
41.273887,123.1693463,Liaoyang,China
29.394644,71.6638747,Bahawalpur,Pakistan
36.1829336,113.0985394,Changzhi,China
57.153534,65.542274,Tyumen,Russia
-25.5263889,28.0994444,Soshanguve,South Africa
16.753801,-93.115959,Tuxtla Gutierrez,Mexico
37.9404648,58.3823487,Ashgabat,Turkmenistan
36.1911624,44.0094652,Erbil,Iraq
41.9316387,126.4200169,Baishan,China
27.6500795,113.4923249,Liling,China
22.9912348,120.184982,Tainan,Taiwan
11.9340568,79.8306447,Puducherry,India
24.7978965,-107.393395,Culiacan,Mexico
29.034552,111.6928724,Changde,China
42.0151733,121.6452868,Fuxin,China
38.1112268,13.3524434,Palermo,Italy
34.4168215,115.6507447,Shangqiu,China
37.0616519,114.499746,Xingtai,China
25.4100012,49.580833,Hufuf-Mubarraz,Saudi Arabia
27.1773663,78.389912,Firozabad,India
0.390002,9.454001,Libreville,Gabon
30.200255,115.0333466,Huangshi,China
51.530018,46.034683,Saratov,Russia
31.9553965,35.8906094,Banghazi,Libya
39.4697065,-0.3763353,Valencia,Spain
28.8744722,105.4385063,Luzhou,China
46.8137431,-71.2084061,Quebec City,Canada
28.7701941,104.6289601,Yibin,China
37.5014422,126.7660139,Bucheon,South Korea
4.5986817,101.0900236,Ipoh,Malaysia
49.8955367,-97.1384584,Winnipeg,Canada
24.8500662,89.3728431,Bogra,Bangladesh
-5.056395,12.3211749,Cabinda,Angola
5.5324032,7.4924165,Umuahia,Nigeria
32.127372,114.0676596,Xinyang,China
32.9139151,119.8476035,Xinghua,China
54.9738474,-1.6131572,Newcastle upon Tyne,United Kingdom
37.85862,113.5730276,Yangquan,China
40.6403167,22.9352716,Thessaloniki,Greece
26.423568,111.6081495,Yongzhou,China
44.4938203,11.3426327,Bologna,Italy
37.5493473,45.0682863,Orumiyeh,Iran
30.919414,113.9516901,Xiaogan,China
35.2477266,115.4464761,Heze,China
10.1898503,-64.7087416,Barcelona-Puerto La Cruz,Venezuela
11.8395375,13.1536214,Maiduguri,Nigeria
41.7238743,86.173541,Kuerle,China
37.6452283,138.7669125,Niigata,Japan
39.7666813,30.5255947,Eskisehir,Turkey
9.740204,76.3324672,Cherthala,India
28.9268429,118.8759775,Quzhou,China
29.7296617,120.1805427,Zhuji,China
-23.5003451,-47.4582864,Sorocaba,Brazil
40.8515302,122.7475513,Haicheng,China
6.5536094,7.4143061,Enugu,Nigeria
52.9534193,-1.1496461,Nottingham,United Kingdom
34.5797531,105.7062921,Tianshui,China
40.7515443,120.8404789,Huludao,China
19.5408338,-96.9146374,Xalapa,Mexico
28.0159286,73.3171367,Bikaner,India
50.1106444,8.6820917,Frankfurt,Germany
27.5611227,109.963365,Huaihua,China
15.2241917,101.9313754,Nakhon Ratchasima,Thailand
-26.6747222,27.9261111,Vereeniging,South Africa
36.4441808,115.9642007,Liaocheng,China
47.6038321,-122.3300624,Seattle,United States
35.2075729,113.2533977,Jiaozuo,China
33.8579594,115.772453,Bozhou,China
14.4493717,79.9873763,Nellore,India
43.2560802,-79.8728583,Hamilton,Canada
40.8006696,29.431767,Gebze,Turkey
32.1738588,120.0466771,Taixing,China
8.4756417,124.6421532,Cagayan de Oro City,Philippines
50.0619474,19.9368564,Krakow,Poland
31.3869323,120.9764683,Kunshan,China
24.8136095,113.5922116,Shaoguan,China
26.6711433,83.3645724,Gorakhpur,India
14.3270819,120.9370871,Dasmarinas,Philippines
21.1545412,77.6442962,Amravati,India
35.493783,112.8519862,Jincheng,China
39.5128345,116.6997446,Langfang,China
43.6908432,0.7735233,Ansan,South Korea
24.9304741,50.9776888,Ar-Rayyan,Qatar
35.5574725,45.435202,Sulaimaniya,Iraq
20.4686,85.8792,Cuttack,India
31.263235,32.305505,Bur Sa'id,Egypt
39.7392364,-104.9848623,Denver,United States
30.079061,103.8458201,Meishan,China
33.0115818,114.0164565,Zhumadian,China
29.3419256,104.7761224,Zigong,China
-12.9104657,14.0356608,Benguela,Angola
36.3654065,119.8005385,Gaomi,China
30.6592336,116.6302585,Anqing,China
23.6832984,113.0505994,Qingyuan,China
-3.3187496,114.5925828,Banjarmasin,Indonesia
30.6751205,113.8323146,Hanchuan,China
32.0109736,119.6012702,Danyang,China
29.4480063,77.740685,Muzaffarnagar,India
7.802355,6.7430327,Lokoja,Nigeria
32.6450475,130.6341345,Kumamoto,Japan
9.6287383,76.6455326,Kottayam,India
15.8572666,74.5069343,Belgaum,India
32.0668425,36.0885771,Zarqa,Jordan
11.0248119,7.6518533,Zaria,Nigeria
53.3806626,-1.4702278,Sheffield,United Kingdom
-6.0999443,39.3209443,Zanzibar,Tanzania
31.5128679,34.4581358,Gaza,Palestine
41.6521342,-0.8809428,Zaragoza,Spain
28.8602058,121.1419179,Linhai,China
47.8507859,35.1182867,Zaporizhzhya,Ukraine
20.5902502,74.5714979,Malegaon,India
-23.1860383,-45.8866816,Sao Jose dos Campos,Brazil
7.7791666,4.5538891,Oshogbo,Nigeria
39.604,109.785,Ordos City,China
26.958944,111.283087,Shaoyang,China
9.172188,76.5008685,Kayamkulam,India
46.8087794,130.3734556,Jiamusi,China
12.8698101,74.8430082,Mangalore,India
34.6553944,133.9194595,Okayama,Japan
-21.178333,-47.8066671,Ribeirao Preto,Brazil
34.3075655,108.7234362,Xianyang Shaanxi,China
1.5557893,30.2519376,Bunia,DR Congo
49.841952,24.0315921,Lviv,Ukraine
37.2793607,49.5846102,Rasht,Iran
36.4794705,119.2129818,Anqiu,China
43.6428995,122.2558324,Tongliao,China
36.6421169,127.4891742,Cheongju,South Korea
32.4935378,74.5411575,Sialkot,Pakistan
9.7452286,-63.1799873,Maturin,Venezuela
44.23052,-91.864325,Buffalo City,South Africa
26.5860102,101.7179276,Panzhihua,China
30.5061493,105.574542,Suining Sichuan,China
42.8888552,129.5008425,Yanji,China
30.9474457,117.8057282,Tongling,China
23.5715402,111.0139268,Wuzhou,China
17.0604663,-96.7253575,Oaxaca de Juarez,Mexico
38.8950368,-77.0365427,Washington,United States
32.0898005,72.6782574,Sargodha,Pakistan
21.7718836,72.1416449,Bhavnagar,India
-28.0023731,153.4145987,Gold Coast,Australia
36.5853932,109.4828549,Yan'an,China
-12.8104186,28.2068361,Kitwe,Zambia
43.7698712,11.2555757,Florence,Italy
32.7185614,74.8580917,Jammu,India
38.2851657,109.7290619,Yulin Shaanxi,China
19.169335,77.311013,Nanded Waghala,India
31.216036,107.5027564,Dazhou,China
13.6316368,79.4231711,Tirupati,India
14.4589855,120.9398889,Bacoor,Philippines
-9.535332,16.9364293,Malanje,Angola
32.6880537,112.0818901,Dengzhou,China
52.0799838,4.3113461,The Hague,Netherlands
25.0767425,117.0123483,Longyan,China
35.027637,111.002141,Yuncheng,China
37.3886303,-5.9953403,Seville,Spain
6.3676953,2.4252507,Cotonou,Benin
32.8536216,120.3122464,Dongtai,China
53.51495,49.407574,Tolyatti,Russia
-25.1076701,-64.3494964,Salta,Argentina
42.222633,-7.9049545,Merca,Somalia
48.8588897,2.320041,Bali,Indonesia
30.0393082,121.1501449,Yuyao,China
42.3602534,-71.0582912,Boston,United States
-18.9188041,-48.2767837,Uberlandia,Brazil
21.270278,40.415833,Taif,Saudi Arabia
30.9182867,111.9278808,Yuxi,China
17.9640988,102.6133707,Vientiane,Laos
51.4538022,-2.5972985,Bristol,United Kingdom
-9.0478679,-70.5264976,Akure,Nigeria
14.1419291,44.1389849,Ibb,Yemen
20.5218445,-100.8139609,Celaya,Mexico
14.7978677,42.9544872,Al-Hudaydah,Yemen
36.8150283,127.1140654,Cheonan,South Korea
-23.1887668,-46.884506,Jundiai,Brazil
17.166667,77.083333,Gulbarga,India
-12.6076318,15.7411039,Huambo,Angola
45.4077172,11.8734455,Padova,Italy
23.5350475,87.3380425,Durgapur,India
15.8309251,78.0425373,Kurnool,India
31.7754152,-106.464634,El Paso,United States
47.2186371,-1.5541362,Nantes,France
26.331667,43.971667,Buraydah,Saudi Arabia
45.8131847,15.9771774,Zagreb,Croatia
31.8782976,120.5514595,Zhangjiagang,China
-0.0226903,109.3447488,Pontianak,Indonesia
44.6173543,27.314991,Amara,Iraq
50.6451381,5.5734203,Liege,Belgium
31.4590371,121.1264772,Taicang,China
36.1622767,-86.7742984,Nashville,United States
44.40726,8.9338624,Genoa,Italy
30.3925379,114.8898988,Ezhou,China
9.8694792,-83.7980749,Santiago,Dominican Republic
-37.9977225,-57.5482703,Mar Del Plata,Argentina
9.4051992,-0.8423986,Tamale,Ghana
33.6306299,114.6423617,Zhoukou,China
51.7687323,19.4569911,Lodz,Poland
-1.6665685,29.225652,Goma,DR Congo
35.4729886,-97.5170536,Oklahoma City,United States
35.5200185,35.7781044,Lattakia,Syria
36.1672559,-115.148516,Las Vegas,United States
28.3251866,37.6328648,Tabuk,Saudi Arabia
32.7165184,108.9912989,Ankang,China
6.112331,125.1717145,General Santos City,Philippines
38.7063767,116.1062203,Renqiu,China
42.3315509,-83.0466403,Detroit,United States
26.2235041,50.5822436,Manama,Bahrain
27.6995215,111.9890658,Loudi,China
35.8242715,127.1480657,Jeonju,South Korea
27.2858633,105.2865997,Bijie,China
45.5202471,-122.6741949,Portland,United States
13.0611195,5.3152203,Sokoto,Nigeria
21.9647835,108.620787,Qinzhou,China
22.1757605,113.5514142,Macao,Macau
41.2946149,36.3320596,Samsun,Turkey
37.7733197,29.0869273,Denizli,Turkey
29.9873344,122.2030363,Zhoushan,China
45.6119057,8.8520522,Busto Arsizio,Italy
30.6316971,120.5610365,Tongxiang,China
24.4490237,117.8132438,Longhai,China
35.7631348,115.0234071,Puyang,China
24.3705146,111.3590955,Hezhou,China
25.5310311,78.652689,Jhansi,India
29.5827203,105.0544575,Neijiang,China
56.866557,53.2094166,Izhevsk,Russia
35.1490215,-90.0516285,Memphis,United States
22.4732415,70.0552102,Jamnagar,India
13.322312,43.252987,As-Suways,Egypt
11.3692044,77.6766269,Erode,India
25.2856329,51.5264162,Doha,Qatar
20.1165413,-98.7413535,Pachuca de Soto,Mexico
31.8729183,121.1771295,Haimen,China
41.7829291,129.7825241,Chongjin,North Korea
-6.766417,-79.8408308,Chiclayo,Peru
39.6540161,106.7879045,Wuhai,China
47.3355856,130.2836718,Hegang,China
18.2534658,109.5034392,Sanya,China
31.2457442,34.7925181,Be'er Sheva,Israel
24.833333,-104.833333,Durango,Mexico
23.6579595,86.0839161,Bokaro Steel City,India
51.1263106,16.9781963,Wroclaw,Poland
52.289597,104.280586,Irkutsk,Russia
53.347402,83.7784496,Barnaul,Russia
19.7540045,96.1344976,Nay Pyi Taw,Myanmar
-20.1560599,28.5887063,Bulawayo,Zimbabwe
28.8101339,113.0613336,Miluo,China
45.4371908,12.3345898,Venezia,Italy
-1.611572,102.779699,Jambi,Indonesia
25.2689153,55.3152795,Safaqis,Tunisia
48.481403,135.076935,Khabarovsk,Russia
34.3508273,62.2164003,Herat,Afghanistan
51.2254018,6.7763137,Duesseldorf,Germany
54.596391,-5.9301829,Belfast,United Kingdom
31.0440068,46.2575523,Nasiriyah,Iraq
48.7784485,9.1800132,Stuttgart,Germany
45.4384958,10.9924122,Verona,Italy
22.2142849,84.8724369,Raurkela,India
32.6075,43.910833,Jubayl,Saudi Arabia
56.9493977,24.1051846,Riga,Latvia
27.1793466,56.2781423,Bandar Abbas,Iran
16.7028412,74.2405329,Kolhapur,India
10.6762836,122.9513786,Bacolod,Philippines
45.649723,9.2053919,Seregno,Italy
54.3107593,48.3642771,Ulyanovsk,Russia
-3.1982504,29.0071409,Uvira,DR Congo
24.2258413,55.7474052,Al-Ain,United Arab Emirates
41.1257843,16.8620293,Bari,Italy
22.6570263,110.1765019,Yulin Guangxi,China
26.4691,74.639,Ajmer,India
1.5574127,110.3439862,Kuching,Malaysia
11.861324,-15.583055,Bissau,Guinea-Bissau
10.6228284,10.0287754,Bauchi,Nigeria
46.2017559,6.1466014,Geneva,Switzerland
30.2745483,109.4833079,Enshi,China
26.254911,105.9437773,Anshun,China
6.9387469,79.8541134,Colombo,Sri Lanka
23.4423808,112.6997273,Sihui,China
33.069049,107.018889,Hanzhong,China
23.1885131,75.7716562,Ujjain,India
57.7072326,11.9670171,Gothenburg,Sweden
37.6866796,112.7383414,Jinzhong,China
30.2090874,76.3398721,Patiala,India
29.4928874,60.8503017,Zahedan,Iran
28.8680526,79.298385,Bilaspur,India
38.2542376,-85.759407,Louisville,United States
14.8110432,121.0491569,San Jose del Monte,Philippines
15.239041,44.145513,Hillah,Iraq
47.9102734,33.3917703,Kryvyi Rih,Ukraine
57.6263877,39.8933705,Yaroslavl,Russia
50.8214626,-0.1400561,Brighton,United Kingdom
-12.2578934,-38.9598047,Feira De Santana,Brazil
43.1150678,131.8855768,Vladivostok,Russia
23.4610615,91.1808748,Comilla,Bangladesh
19.416667,-98.166667,Tlaxcala,Mexico
43.1669821,124.364739,Siping,China
39.9815552,117.0714873,Sanhe,China
4.9795999,8.3373597,Calabar,Nigeria
27.633333,77.583333,Mathura,India
6.3208897,8.1133202,Abakaliki,Nigeria
34.5307313,113.3761237,Xinmi,China
41.9960924,21.4316495,Skopje,North Macedonia
42.9830241,47.5048717,Makhachkala,Russia
58.6124279,82.0475315,Tomsk,Russia
32.0165721,120.2693683,Jingjiang,China
24.7337639,118.6439351,Shishi,China
25.6301525,119.3756376,Fuqing,China
37.2595198,39.0408174,Sanliurfa,Turkey
51.3406321,12.3747329,Leipzig,Germany
23.8312377,91.2823821,Agartala,India
30.3635622,113.4170705,Xiantao,China
47.7231316,128.8785919,Yichun Heilongjiang,China
24.7991162,93.9364419,Imphal,India
30.0981854,114.9747162,Daye,China
-8.9740144,33.3915834,Mbeya,Tanzania
22.9212029,110.9898501,Cenxi,China
17.9712148,-76.7928128,Kingston,Jamaica
16.8502534,74.5948885,Sangli,India
-15.5986686,-56.0991301,Cuiaba,Brazil
39.6550017,66.9756954,Samarkand,Uzbekistan
36.7213028,-4.4216366,Malaga,Spain
4.4386453,-75.2105974,Ibague,Colombia
51.5142273,7.4652789,Dortmund,Germany
31.521587,130.5474077,Kagoshima,Japan
10.395075,-71.4414049,Cabimas,Venezuela
45.7700345,131.0074987,Qitaihe,China
43.0349931,-87.922497,Milwaukee,United States
37.5023612,15.0873718,Catania,Italy
13.5708192,100.2585874,Samut Sakhon,Thailand
-10.9891601,26.7397418,Likasi,DR Congo
-19.828707,34.841782,Beira,Mozambique
34.973321,48.6555779,Hamadan,Iran
39.3307915,112.4235469,Shuozhou,China
41.7225544,125.9170455,Tonghua,China
11.8145966,42.8453061,Djibouti,Djibouti
51.4582235,7.0158171,Essen,Germany
43.1257311,5.9304919,Toulon,France
51.0493286,13.7381437,Dresden,Germany
-21.7609533,-43.3501129,Juiz De Fora,Brazil
7.6906058,-5.0298408,Bouake,Ivory Coast
4.8142613,-75.6946776,Pereira,Colombia
24.578721,73.6862571,Udaipur,India
34.7678842,111.1908398,Sanmenxia,China
12.7948109,79.0006411,Vellore,India
29.2908082,120.2366509,Dongyang,China
38.4583983,47.9313001,Ardabil,Iran
8.7567452,78.0797527,Thoothukkudi,India
-29.116395,26.215496,Bloemfontein,South Africa
22.4277951,111.1032678,Xinyi,China